<?xml version="1.0" encoding="UTF-8"?>

<COMPONENT> 
  <HEADER AUTHOR="Sones" COMPATIBILITY="ALL" DATA_AUTO_PROPAGATE="false" PLATEFORM="ALL" RELEASE_DATE="20080229A" SERIAL="" STARTABLE="true" STATUS="ALPHA" VERSION="0.1"> 
    <SIGNATURE/> 
  </HEADER>  
  <FAMILIES> 
    <FAMILY>Sones</FAMILY> 
  </FAMILIES>  
  <DOCUMENTATION> 
    <URL>http://www.sones.de</URL> 
  </DOCUMENTATION>  
  <CONNECTORS> 
    <CONNECTOR CTYPE="FLOW" MAX_INPUT="1" MAX_OUTPUT="0"/> 
  </CONNECTORS>  
  
  <PARAMETERS> 
    <PARAMETER FIELD="TEXT" NAME="HOST" NUM_ROW="1" REQUIRED="true"><DEFAULT>'localhost'</DEFAULT></PARAMETER>   
    <PARAMETER FIELD="TEXT" NAME="PORT" NUM_ROW="2" REQUIRED="true"><DEFAULT>'8080'</DEFAULT></PARAMETER>
    <PARAMETER FIELD="TEXT" NAME="DBNAME" NUM_ROW="3" REQUIRED="false"/> 
    <PARAMETER FIELD="TEXT" NAME="USER" NUM_ROW="4" REQUIRED="true"><DEFAULT>'graphdbusr'</DEFAULT></PARAMETER>
    <PARAMETER FIELD="TEXT" NAME="PASS" NUM_ROW="5" REQUIRED="true"><DEFAULT>'password'</DEFAULT></PARAMETER>
    <PARAMETER FIELD="TEXT" NAME="VERTEXTYPE" NUM_ROW="6" REQUIRED="true"/>
  	<PARAMETER FIELD="SCHEMA_TYPE" NAME="SCHEMA" NUM_ROW="7">
      <DEFAULT>""</DEFAULT>
    </PARAMETER>
  </PARAMETERS>
    
  <ADVANCED_PARAMETERS> 
  </ADVANCED_PARAMETERS>  

  <CODEGENERATION> 
    <IMPORTS> 
      <IMPORT MODULE="sones-javaclient_20101101.jar" NAME="sones-javaclient_20101101" REQUIRED="true"/>
	  <IMPORT MODULE="sones-helper.jar" NAME="sones-helper" REQUIRED="true"/>
    </IMPORTS> 
  </CODEGENERATION>  
  <RETURNS> 
    <RETURN AVAILABILITY="AFTER" NAME="NB_LINE" TYPE="id_Integer"/> 
  </RETURNS> 
</COMPONENT>